alakhbar,http://feeds.feedburner.com/AlAkhbarEnglish?format=xml,international,english,South
alarabia,http://english.alarabiya.net/.mrss/en.xml,international,english,South
aljazeera,http://america.aljazeera.com/content/ajam/articles.rss,international,english,North
allafrica,http://allafrica.com/tools/headlines/rdf/latest/headlines.rdf,international,english,South
allafrica_somalia,http://allafrica.com/tools/headlines/rdf/somalia/headlines.rdf,international,english,South
almonitor,http://www.al-monitor.com/rss,international,english,South
afghanistan_analysts,http://www.afghanistan-analysts.org/feed/,local,english,South
africa_newstime,http://feeds.feedburner.com/NewstimeAfrica?format=xml,international,english,South
ap,http://hosted2.ap.org/atom/APDEFAULT/cae69a7523db45408eeb2b3a98c0c9c5,wire,english,North
asharq_al_awsat,http://www.aawsat.net/feed,international,english,South
asianage_delhi,http://www.asianage.com/rss/40,local,english,South
asianage_india,http://www.asianage.com/rss/38,local,english,South
asianage_mumbai,http://www.asianage.com/rss/42,local,english,South
asiancorrespondent,http://asiancorrespondent.com/feed/,international,english,South
australia_smh_politics,http://www.smh.com.au/rssheadlines/federal-politics/article/rss.xml,international,english,North
australia_smh_national,http://feeds.smh.com.au/rssheadlines/national.xml,international,english,North
austria_voice,http://voiceofvienna.org/?feed=rss2,international,english,North
balkanins,http://www.balkaninsight.com/en/rss/all-balkans-news-latest,international,english,North
baltic_times,http://feeds.feedburner.com/TheBalticTimes?format=xml,local,english,North
bangkokpost_breaking,http://www.bangkokpost.com/rss/data/breakingnews.xml,local,english,South
bangkokpost_top,http://www.bangkokpost.com/rss/data/topstories.xml,local,english,South
bnn_afghanistan,http://www.afghanistansun.com/index.php/rss/6e1d5c8e1f98f17c,international,english,South
bnn_africa,http://www.africaleader.com/index.php/rss/c1ab2109a5bf37ec,international,english,South
bnn_arab,http://www.arabherald.com/index.php/rss/48fcf33f9aeb6130,international,english,South
bnn_argentina,http://www.argentinastar.com/index.php/rss/d9ed072d737073b4,international,english,South
bnn_asia,http://www.asiabulletin.com/index.php/rss/bf053b50c46383e0,international,english,South
bnn_atlanta,http://www.atlantaleader.com/index.php/rss/ffe56b8f30c50146,international,english,North
bnn_australia,http://www.australianherald.com/index.php/rss/88f7d0d02bea1b33,international,english,North
bnn_bangladesh,http://www.bangladeshsun.com/index.php/rss/ba01aa42514dc37d,international,english,South
bnn_beijing,http://www.beijingbulletin.com/index.php/rss/55582c89cb296d4c,international,english,South
bnn_brazil,http://www.brazilsun.com/index.php/rss/24437442923341f1,international,english,South
bnn_cambodia,http://www.cambodiantimes.com/index.php/rss/c7e1014a94f7e43b,international,english,South
bnn_caribbean,http://www.caribbeanherald.com/index.php/rss/e5abd99746ab67f4,international,english,South
bnn_centralasia,http://www.centralasiatimes.com/index.php/rss/929bcf2071e81801,international,english,South
bnn_china,http://www.chinanationalnews.com/index.php/rss/9366300fc9319e9b,international,english,South
bnn_europe,http://www.europesun.com/index.php/rss/88176adfdf246af5,international,english,North
bnn_greece,http://www.greekherald.com/index.php/rss/48158b5a5afd369b,international,english,North
bnn_haiti,http://www.haitisun.com/index.php/rss/8d0a8b42a4163d9f,international,english,South
bnn_hongkong,http://www.hongkongherald.com/index.php/rss/b82693edf38ebff8,international,english,North
bnn_india,http://www.indiagazette.com/index.php/rss/701ee96610c884a6,international,english,South
bnn_iran,http://www.iranherald.com/index.php/rss/1b76a2b4cf7810bd,international,english,South
bnn_iraq,http://www.iraqsun.com/index.php/rss/c31d0aaa23b24a75,international,english,South
bnn_ireland,http://www.irishsun.com/index.php/rss/aba4168066a10b8d,international,english,North
bnn_jamaica,http://www.jamaicantimes.com/index.php/rss/8fdef8065235cb7f,international,english,South
bnn_japan,http://www.japanherald.com/index.php/rss/c4f2dd8ca8c78044,international,english,North
bnn_kenya,http://www.kenyastar.com/index.php/rss/a262965e0c331d64,international,english,South
bnn_malaysia,http://www.malaysiasun.com/index.php/rss/48cba686fe041718,international,english,South
bnn_me,http://www.middleeaststar.com/index.php/rss/940f2bfd509e743b,international,english,South
bnn_mexico,http://www.mexicostar.com/index.php/rss/4b980140662cfc90,international,english,South
bnn_nepal,http://www.nepalnational.com/index.php/rss/7399985502eaed63,international,english,South
bnn_nigeria,http://www.nigeriasun.com/index.php/rss/8db1f72cde37faf3,international,english,South
bnn_pakistan,http://www.pakistantelegraph.com/index.php/rss/8c3d7d78943a99c7,international,english,South
bnn_paris,http://www.parisguardian.com/index.php/rss/fab36d240e1883d4,international,english,North
bnn_philippines,http://www.philippinetimes.com/index.php/rss/0267775d6f1c3971,international,english,South
bnn_russia,http://www.russiaherald.com/index.php/rss/723971d98160d438,international,english,North
bnn_seasia,http://www.southeastasiapost.com/index.php/rss/303b19022816233b,international,english,South
bnn_shanghai,http://www.shanghaisun.com/index.php/rss/360231fd461d67ac,international,english,South
bnn_sierraleone,http://www.sierraleonetimes.com/index.php/rss/8fcd2bb0346b8627,international,english,South
bnn_singapore,http://www.singaporestar.com/index.php/rss/a677a0718b69db72,international,english,North
bnn_srilanka,http://www.srilankasource.com/index.php/rss/119937e494dd663e,international,english,South
bnn_sydney,http://www.sydneysun.com/index.php/rss/ae0def0d9b645403,international,english,North
bnn_taiwan,http://www.taiwansun.com/index.php/rss/0dd057261bcc461b,international,english,North
bnn_toronto,http://www.torontotelegraph.com/index.php/rss/03cb86c5037f9622,international,english,North
bnn_trinidad,http://www.trinidadtimes.com/index.php/rss/f7da47955ef03229,international,english,South
bnn_uk,http://www.theuknews.com/index.php/rss/15665b944045da4a,international,english,North
bnn_venezuela,http://www.venezuelastar.com/index.php/rss/262fd6adf564928c,international,english,South
bnn_zimbabwe,http://www.zimbabwestar.com/index.php/rss/4a6d634cbccbbfe2,international,english,South
buenosairesherald,http://www.buenosairesherald.com/articles/rss.aspx,local,english,South
bulatlat,http://feeds.feedburner.com/bulatlat?format=xml,local,english,South
china_scmp_asia,http://www.scmp.com/rss/3/feed,international,english,South
china_scmp_china,http://www.scmp.com/rss/4/feed,international,english,South
china_scmp_hk,http://www.scmp.com/rss/2/feed,international,english,South
chinapost_asia,http://www.chinapost.com.tw/rss/asia.xml,international,english,North
chinapost_china,http://www.chinapost.com.tw/rss/china.xml,international,english,North
chinapost_taiwan,http://www.chinapost.com.tw/rss/taiwan.xml,international,english,North
chosun,http://english.chosun.com/site/data/rss/rss.xml,international,english,North
croatia_dalje,http://feeds.feedburner.com/daljeenglish,international,english,North
csm_politics,http://rss.csmonitor.com/feeds/politics?format=xml,international,english,North
csm_usa,http://rss.csmonitor.com/feeds/usa?format=xml,international,english,North
cyprus_mail,http://cyprus-mail.com/feed/,international,english,North
czech_praguemon,http://praguemonitor.com/rss/1+11+12+13+14+19+143/feed,local,english,North
daily_monitor_uganda,http://www.monitor.co.ug/-/691150/691150/-/view/asFeed/-/11emxavz/-/index.xml,local,english,South
daily_star_lebanon,http://www.dailystar.com.lb/RSS.aspx?id=1,international,english,South
daily_star_middle_east,http://www.dailystar.com.lb/RSS.aspx?id=102,international,english,South
dawn_pk,http://feeds.feedburner.com/dawn-news,international,english,South
defenseone,http://www.defenseone.com/rss/all/,international,english,North
detriot_fp,http://www.freep.com/apps/pbcs.dll/section?category=news&template=rss&mime=xml,local,english,North
denverpost_top,http://feeds.denverpost.com/dp-news-topstories?format=xml,international,english,North
denverpost_politics,http://feeds.denverpost.com/dp-politics-national_politics?format=xml,international,english,North
dw,http://rss.dw.de/rdf/rss-en-all,international,english,North
east_african,http://www.theeastafrican.co.ke/-/2456/2456/-/view/asFeed/-/13blr5d/-/index.xml,local,english,South
egypt_dailynews,http://feeds.feedburner.com/DailyNewsEgypt,local,english,South
egypt_independent,http://www.egyptindependent.com//rss-feed-term/114/rss.xml,international,english,South
euronews,http://feeds.feedburner.com/euronews/en/home?format=xml,international,english,North
euroobs,http://feeds.euobserver.com/rss/9,international,english,North
france24_africa,http://www.france24.com/en/africa/rss,international,english,South
france24_asiap,http://www.france24.com/en/asia-pacific/rss/,international,english,South
france24_me,http://www.france24.com/en/middle-east/rss,international,english,South
granma,http://www.granma.cu/idiomas/ingles/granmai_ingl.xml,local,english,South
greece_kathimerini,http://ws.kathimerini.gr/xml_files/latestnews.xml,local,english,North
guardian_africa,http://www.theguardian.com/world/africa/roundup/rss,international,english,South
guardian_china,http://feeds.theguardian.com/theguardian/world/china/rss,international,english,South
guardian_europe,http://www.theguardian.com/world/europe/roundup/rss,international,english,North
guardian_scasia,http://www.theguardian.com/world/southandcentralasia/roundup/rss,international,english,South
haaretz_dd,http://feeds.feedburner.com/DefenseAndDiplomacy?format=xml,international,english,South
hindu_cities,http://www.thehindu.com/news/cities/?service=rss,local,english,South
hindu_nat,http://www.thehindu.com/news/national/?service=rss,local,english,South
hindustan_bhopal,http://feeds.hindustantimes.com/HT-Bhopal?format=xml,local,english,South
hindustan_chandigarh,http://feeds.hindustantimes.com/HT-Punjab?format=xml,local,english,South
hindustan_dehradun,http://feeds.hindustantimes.com/HT-Dehradun?format=xml,local,english,South
hindustan_delhi,http://feeds.hindustantimes.com/HT-Delhi?format=xml,local,english,South
hindustan_gurgaon,http://feeds.hindustantimes.com/HT-Gurgaon?format=xml,local,english,South
hindustan_india,http://feeds.hindustantimes.com/HT-India?format=xml,local,english,South
hindustan_indore,http://feeds.hindustantimes.com/HT-Indore?format=xml,local,english,South
hindustan_jaipur,http://feeds.hindustantimes.com/HT-Jaipur?format=xml,local,english,South
hindustan_kolkata,http://feeds.hindustantimes.com/HT-Kolkata?format=xml,local,english,South
hindustan_lucknow,http://feeds.hindustantimes.com/HT-Lucknow?format=xml,local,english,South
hindustan_mumbai,http://feeds.hindustantimes.com/HT-Mumbai-News?format=xml,local,english,South
hindustan_noida,http://feeds.hindustantimes.com/HT-Noida?format=xml,local,english,South
hindustan_patna,http://feeds.hindustantimes.com/HT-Patna?format=xml,local,english,South
hindustan_ranchi,http://feeds.hindustantimes.com/HT-Ranchi?format=xml,local,english,South
houstoncron_news,http://www.chron.com/rss/feed/News-270.php,local,english,North
hungary_budbusjourn,http://www.bbj.hu/assets/rss/rss.php,local,english,North
hurriyet,http://www.hurriyetdailynews.com/rss.aspx,international,english,North
india_deccanher_elec,http://www.deccanherald.com/rss/election-news.rss,local,english,South
india_deccanher_news,http://www.deccanherald.com/rss/news.rss,local,english,South
india_mint_companies,http://www.livemint.com/rss/companies,local,english,South
india_mint_econpol,http://www.livemint.com/rss/economy_politics,local,english,South
india_mint_homepage,http://www.livemint.com/rss/homepage,local,english,South
india_mint_industry,http://www.livemint.com/rss/industry,local,english,South
india_statesman_bengal,http://www.thestatesman.net/feed.aspx?cat_id=10,local,english,South
india_statesman_india,http://www.thestatesman.net/feed.aspx?cat_id=1,local,english,South
india_statesman_odisha,http://www.thestatesman.net/feed.aspx?cat_id=429,local,english,South
india_telegraph_bengal,http://www.telegraphindia.com/feeds/rss.jsp?id=8,local,english,South
india_telegraph_bihar,http://www.telegraphindia.com/feeds/rss.jsp?id=22,local,english,South
india_telegraph_calcutta,http://www.telegraphindia.com/feeds/rss.jsp?id=5,local,english,South
india_telegraph_jharkhand,http://www.telegraphindia.com/feeds/rss.jsp?id=23,local,english,South
india_telegraph_nation,http://www.telegraphindia.com/feeds/rss.jsp?id=4,local,english,South
india_telegraph_nbengal,http://www.telegraphindia.com/feeds/rss.jsp?id=14,local,english,South
india_telegraph_northeast,http://www.telegraphindia.com/feeds/rss.jsp?id=24,local,english,South
india_telegraph_odisha,http://www.telegraphindia.com/feeds/rss.jsp?id=25,local,english,South
india_zee_national,http://zeenews.india.com/rss/india-national-news.xml,local,english,South
india_zee_states,http://zeenews.india.com/rss/india-news.xml,local,english,South
india_zee_seasia,http://zeenews.india.com/rss/south-asia-news.xml,international,english,South
insight,http://www.insightcrime.org/news/feed,international,english,South
int_the_news_islamabad,http://feeds.feedburner.com/TheNewsInternational-Islamabad?format=xml,local,english,South
int_the_news_karachi,http://feeds.feedburner.com/TheNewsInternational-Karachi?format=xml,local,english,South
int_the_news_lahore,http://feeds.feedburner.com/TheNewsInternational-Lahore?format=xml,local,english,South
int_the_news_latest,http://feeds.feedburner.com/com/YEor?format=xml,local,english,South
int_the_news_national,http://feeds.feedburner.com/TheNewsInternational-National?format=xml,local,english,South
int_the_news_peshawar,http://feeds.feedburner.com/TheNewsInternational-Peshawar?format=xml,local,english,South
int_the_news_top,http://feeds.feedburner.com/com/cwEr?format=xml,local,english,South
ips_africa,http://www.ipsnews.net/news/regional-categories/africa/,international,english,South
ips_aid,http://www.ipsnews.net/news/development-aid/feed/,international,english,South
ips_asiapac,http://www.ipsnews.net/news/regional-categories/asia-pacific/,international,english,South
ips_civsoc,http://www.ipsnews.net/news/civil-society/feed/,international,english,South
ips_econ,http://www.ipsnews.net/news/economy-trade/feed/,international,english,South
ips_env,http://www.ipsnews.net/news/environment/feed/,international,english,South
ips_europe,http://www.ipsnews.net/news/regional-categories/europe/,international,english,North
ips_headlines,http://www.ipsnews.net/news/headlines/feed/,international,english,South
ips_hr,http://www.ipsnews.net/news/human-rights/feed/,international,english,South
ips_latinam,http://www.ipsnews.net/news/regional-categories/latin-america-and-caribbean/,international,english,South
ips_me,http://www.ipsnews.net/news/regional-categories/middle-east/,international,english,South
ips_namerica,http://www.ipsnews.net/news/regional-categories/north-america/,international,english,North
ips_ss,http://www.ipsnews.net/news/south-south/,international,english,South
ireland_herald,http://www.herald.ie/rss,local,english,North
ireland_rte,http://www.rte.ie/news/rss/news-headlines.xml,international,english,North
irin,http://www.irinnews.org/irin.xml,international,english,South
japan_times,http://www.japantimes.co.jp/feed/topstories/,local,english,North
jordan_times,http://feeds.feedburner.com/TheJordanTimes-LatestNews?format=xml,international,english,South
jpost_defense,http://www.jpost.com/Rss/RssFeedsDefense.aspx,international,english,North
jpost_front,http://www.jpost.com/Rss/RssFeedsFrontPage.aspx,international,english,North
jpost_iran,http://www.jpost.com/Rss/RssFeedsIT.aspx,international,english,South
jpost_me,http://www.jpost.com/Rss/RssFeedsMiddleEastNews.aspx,international,english,South
kenya_nation,http://www.nation.co.ke/-/1148/1148/-/view/asFeed/-/vtvnjq/-/index.xml,local,english,South
kenya_news24,http://feeds.news24.com/articles/kenya/National/rss,local,english,South
kenya_star,http://www.the-star.co.ke/rss.xml,local,english,South
kosovapress,http://www.kosovapress.com/en/rss/news/?xml=1,local,english,North
kyodo,http://english.kyodonews.jp/rss/news.xml,international,english,North
lithuania_tribune,http://www.lithuaniatribune.com/feed/,local,english,North
local_france,http://www.thelocal.fr/feeds/rss.php,local,english,North
local_germany,http://www.thelocal.ch/feeds/rss.php,local,english,North
local_italy,http://www.thelocal.it/feeds/rss.php,local,english,North
local_norway,http://www.thelocal.no/feeds/rss.php,local,english,North
local_spain,http://www.thelocal.es/feeds/rss.php,local,english,North
local_sweden,http://www.thelocal.se/feeds/rss.php,local,english,North
local_switzerland,http://www.thelocal.ch/feeds/rss.php,local,english,North
maan_news,http://maannews.net/ENG/Rss.aspx?CID=NEW,international,english,South
maan_regional,http://maannews.net/ENG/Rss.aspx?CID=RGN,international,english,South
maan_politics,http://maannews.net/ENG/Rss.aspx?CID=POL,international,english,South
mail_and_guardian,http://mg.co.za/rss/,local,english,South
malstar_nat,http://www.thestar.com.my/RSS/News/Nation/,local,english,South
malstar_regional,http://www.thestar.com.my/RSS/News/Regional/,international,english,South
malta_independent,http://www.independent.com.mt/rss/news-51118080/,local,english,North
malta_today,http://www.maltatoday.com.mt/rss/,local,english,North
mb,http://www.mb.com.ph/feed/,local,english,South
mcclatchy_iraq,http://www.mcclatchydc.com/iraq/v-rss/index.rss,international,english,South
mcclatchy_mideast,http://www.mcclatchydc.com/middle-east/v-rss/index.rss,international,english,South
mcclatchy_mexico,http://www.mcclatchydc.com/mexico/v-rss/index.rss,international,english,South
mcclatchy_guantanamo,http://www.mcclatchydc.com/guantanamo/v-rss/index.rss,international,english,North
mcclatchy_europe,http://www.mcclatchydc.com/europe/v-rss/index.rss,international,english,North
mcclatchy_asia,http://www.mcclatchydc.com/asia/v-rss/index.rss,international,english,South
mcclatchy_afpak,http://www.mcclatchydc.com/afghanistan-pakistan/v-rss/index.rss,international,english,South
mcclatchy_whitehouse,http://www.mcclatchydc.com/white-house/v-rss/index.rss,international,english,North
mcclatchy_congress,http://www.mcclatchydc.com/congress/v-rss/index.rss,international,english,North
mcclatchy_state,http://www.mcclatchydc.com/state/v-rss/index.rss,international,english,North
mcclatchy_election,http://www.mcclatchydc.com/election-news/v-rss/index.rss,international,english,North
mcclatchy_politics,http://www.mcclatchydc.com/political-news/v-rss/index.rss,international,english,North
mcclatchy_natsec,http://www.mcclatchydc.com/national-security/v-rss/index.rss,international,english,North
mcclatchy_courtscrime,http://www.mcclatchydc.com/courts-crime/v-rss/index.rss,local,english,North
mcclatchy_nation,http://www.mcclatchydc.com/nation-news/v-rss/index.rss,international,english,North
mcclatchy_syria,http://www.mcclatchydc.com/syria/v-rss/index.rss,international,english,South
mcclatchy_egypt,http://www.mcclatchydc.com/egypt/v-rss/index.rss,international,english,South
menafn_algeria,http://www.menafn.com/rss/menafn_Algeria.xml,international,english,South
menafn_bahrain,http://www.menafn.com/rss/menafn_Bahrain.xml,international,english,South
menafn_egypt,http://www.menafn.com/rss/menafn_Egypt.xml,international,english,South
menafn_iraq,http://www.menafn.com/rss/menafn_Iraq.xml,international,english,South
menafn_jordan,http://www.menafn.com/rss/menafn_Jordan.xml,international,english,South
menafn_kuwait,http://www.menafn.com/rss/menafn_Kuwait.xml,international,english,South
menafn_lebanon,http://www.menafn.com/rss/menafn_Lebanon.xml,international,english,South
menafn_morocco,http://www.menafn.com/rss/menafn_Morocco.xml,international,english,South
menafn_oman,http://www.menafn.com/rss/menafn_Oman.xml,international,english,South
menafn_palestine,http://www.menafn.com/rss/menafn_Palestine.xml,international,english,South
menafn_qatar,http://www.menafn.com/rss/menafn_Qatar.xml,international,english,South
menafn_saudi,http://www.menafn.com/rss/menafn_Saudi_Arabia.xml,international,english,South
menafn_syria,http://www.menafn.com/rss/menafn_Syria.xml,international,english,South
menafn_tunisia,http://www.menafn.com/rss/menafn_Tunisia.xml,international,english,South
menafn_turkey,http://www.menafn.com/rss/menafn_Turkey.xml,international,english,North
menafn_uae,http://www.menafn.com/rss/menafn_UAE.xml,international,english,South
menafn_yemen,http://www.menafn.com/rss/menafn_Yemen.xml,international,english,South
mercopress,http://en.mercopress.com/rss/,international,english,South
miami_americas,http://www.miamiherald.com/news/americas/index.xml,local,english,North
miami_cuba,http://www.miamiherald.com/news/americas/cuba/index.xml,local,english,South
miami_haiti,http://www.miamiherald.com/news/americas/haiti/index.xml,local,english,South
miami_nation,http://www.miamiherald.com/news/nation/index.xml,local,english,North
miami_politics,http://www.miamiherald.com/news/politics/index.xml,local,english,North
middleeasteye,http://www.middleeasteye.net/rss,international,english,South
miltimes_army,http://projects.militarytimes.com/rss-feed/?sitename=Army,international,english,North
miltimes_navy,http://projects.militarytimes.com/rss-feed/?sitename=Navy,international,english,North
minnstartrib_national,http://www.startribune.com/nation/index.rss2,local,english,North
moldova_infotag,http://www.infotag.md/eng/,local,english,North
moscow_times,http://www.themoscowtimes.com/rss/news/,international,english,North
nation_news,http://feeds.feedburner.com/pakistan-news-newspaper-daily-english-online/24hours-news?format=xml,international,english,South
nigeria_abusidiqu,http://abusidiqu.com/feed/,local,english,South
nigeria_advocate,http://theadvocatengr.com/new/?feed=rss2,local,english,South
nigeria_blanknews,http://blanknewsonline.wordpress.com/feed/,local,english,South
nigeria_blueprint,http://www.blueprint.ng/feed/,local,english,South
nigeria_businessday,http://businessdayonline.com/feed/,local,english,South
nigeria_businessnews,http://businessnews.com.ng/feed/,local,english,South
nigeria_businessworld,http://businessworldng.com/new/?feed=rss2,local,english,South
nigeria_dailyindependent,http://dailyindependentnig.com/feed/,local,english,South
nigeria_dailypost,http://dailypost.ng/feed/,local,english,South
nigeria_desertherald,http://desertherald.com/feed/,local,english,South
nigeria_hallmark,http://www.hallmarknews.com/feed/,local,english,South
nigeria_herald,http://www.theheraldnews.info/feed,local,english,South
nigeria_leadership,http://leadership.ng/feed/,local,english,South
nigeria_nationalmirror,http://nationalmirroronline.net/new/feed/,local,english,South
nigeria_newsday,http://newsdayngonline.com/feed/,local,english,South
nigeria_newschronicle,http://thenews-chronicle.com/feed/,local,english,South
nigeria_newswatch,http://www.mydailynewswatchng.com/feed/,local,english,South
nigeria_osundefender,http://www.osundefender.org/?feed=rss2,local,english,South
nigeria_peoplesdaily,http://www.peoplesdaily-online.com/feed/,local,english,South
nigeria_pilot,http://nigerianpilot.com/feed/,local,english,South
nigeria_pmnews,http://feeds.feedburner.com/PmNewsNigeriaFeed?format=xml,local,english,South
nigeria_premiumtimes,http://www.premiumtimesng.com/feed,local,english,South
nigeria_promptnews,http://www.promptnewsonline.com/feed/,local,english,South
nigeria_quicknews,http://www.quicknews-africa.net/feed/,local,english,South
nigeria_saharareporters,http://saharareporters.com/feeds/latest/feed,local,english,South
nigeria_standard,http://www.thenigeriastandard.com/index.php?format=feed&type=rss,local,english,South
nigeria_sunnews,http://sunnewsonline.com/new/?feed=rss2,local,english,South
nigeria_thepunch,http://www.punchng.com/feed/,local,english,South
nigeria_tidenews,http://www.thetidenewsonline.com/feed/,local,english,South
nigeria_tribune_conf,http://www.tribune.com.ng/confab?format=feed,local,english,South
nigeria_tribune_headlines,http://www.tribune.com.ng/news/news-headlines?format=feed,local,english,South
nigeria_tribune_politics,http://www.tribune.com.ng/quicklinkss/politics?format=feed,local,english,South
nigeria_vangard,http://www.vanguardngr.com/feed/,local,english,South
nytafrica,http://rss.nytimes.com/services/xml/rss/nyt/Africa.xml,wire,english,South
nytasiapacific,http://rss.nytimes.com/services/xml/rss/nyt/AsiaPacific.xml,wire,english,South
nytatwar,http://atwar.blogs.nytimes.com/feed/,wire,english,North
nyteurope,http://rss.nytimes.com/services/xml/rss/nyt/Europe.xml,wire,english,North
nytindia,http://india.blogs.nytimes.com/feed/,wire,english,South
nytmiddleeast,http://rss.nytimes.com/services/xml/rss/nyt/MiddleEast.xml,wire,english,South
nxherald_national,http://rss.nzherald.co.nz/rss/xml/nzhrsscid_000000001.xml,local,english,North
pahjwok_english,http://www.pajhwok.com/en/nodequeue/1/feed,international,english,South
pakistan_balohhal,http://thebalochhal.com/feed/,local,english,South
pakistan_busrecorder_pak,http://www.brecorder.com/rss/?feed_id=2&format=raw,local,english,South
pakistan_explorer_regional,http://dailyexplorer.net/category/regional-news/feed/,local,english,South
pakistan_explorer_national,http://dailyexplorer.net/category/national-news/feed/,local,english,South
pakistan_dailymessanger,http://dailymessenger.com.pk/feed/,local,english,South
pakistan_frontierpost,http://thefrontierpost.com/rss/,local,english,South
pakistan_fridaytimes,http://thefridaytimes.com/tft/feed/,local,english,South
pakistan_lahoredispatch,http://lahoredispatch.com/feed,local,english,South
pakistan_kooza,http://www.thekooza.com/feed,local,english,South
pakistan_thenews,http://feeds.feedburner.com/Newspakistanpk?format=xml,international,english,South
pakistan_pakasiatimes,http://www.pakasiatimes.com/feed/,international,english,South
pakistan_thepioneer,http://thepioneer.com.pk/feed/,international,english,South
pakistan_tribune,http://www.pakistantribune.com.pk/feed,local,english,South
pakistan_telegraph,http://www.pakistantelegraph.com/index.php/rss/8c3d7d78943a99c7,local,english,South
panamanews,http://thepanamanews.com/wp/?feed=rss2,local,english,South
payvand,http://www.payvand.com/news/rssfeed.xml,local,english,South
phil_inquirer,http://www.inquirer.net/fullfeed,local,english,South
phil_manilatimes,http://www.manilatimes.net/feed/,local,english,South
phil_manilabulletin,http://www.mb.com.ph/feed/,local,english,South
phil_manilastandard,http://manilastandardtoday.com/feed/news/,local,english,South
phil_sunstar_breaking,http://www.sunstar.com.ph/feeds/breaking-news,local,english,South
phil_sunstar_bacolod,http://www.sunstar.com.ph/feeds/bacolod,local,english,South
phil_sunstar_cagayan,http://www.sunstar.com.ph/feeds/cagayan-de-oro,local,english,South
phil_sunstar_cebu,http://www.sunstar.com.ph/feeds/cebu,local,english,South
phil_sunstar_davao,http://www.sunstar.com.ph/feeds/davao,local,english,South
phil_sunstar_dumaguete,http://www.sunstar.com.ph/feeds/dumaguete,local,english,South
phil_sunstar_iloilo,http://www.sunstar.com.ph/feeds/iloilo,local,english,South
phil_sunstar_manila,http://www.sunstar.com.ph/feeds/manila,local,english,South
phil_sunstar_pangasinan,http://www.sunstar.com.ph/feeds/pangasinan,local,english,South
phil_sunstar_tacloban,http://www.sunstar.com.ph/feeds/tacloban,local,english,South
phil_sunstar_zamboanga,http://www.sunstar.com.ph/feeds/zamboanga,local,english,South
phil_sunstar_pampanga,http://www.sunstar.com.ph/feeds/pampanga,local,english,South
philstar_headlines,http://www.philstar.com/rss/headlines,local,english,South
philstar_nation,http://www.philstar.com/rss/nation,local,english,South
philstar_region,http://www.philstar.com/rss/region,local,english,South
phil_bicolmail,http://www.bicolmail.com/2012/?feed=rss2,local,english,South
phil_manilachannel,http://www.manilachannel.com/feed/,local,english,South
rfa,http://www.rfa.org/english/RSS,wire,english,South
rfe,http://www.rferl.org/api/epiqq,wire,english,North
romania_nineoclock,http://www.nineoclock.ro/feed/,local,english,North
russia_interpreter,http://www.interpretermag.com/feed/,local,english,North
russia_stpetersburgtimes,http://feeds.feedburner.com/sptimes?format=xml,local,english,North
sacbee_state,http://www.sacbee.com/state/index.rss,local,english,North
seurtimes,http://www.setimes.com/cocoon/setimes/rss/en_GB/setimes.rss,international,english,North
sfgate_bayarea,http://www.sfgate.com/bayarea/feed/Bay-Area-News-429.php,local,english,North
sfgate_national,http://www.sfgate.com/rss/feed/National-News-RSS-Feed-435.php,international,english,North
shanghai_national,http://rss.shanghaidaily.com/Portal/mainSite/Handler.ashx?i=3,international,english,South
skorea_chosun,http://english.chosun.com/site/data/rss/rss.xml,local,english,North
skorea_hankung_econ,http://rss.hankyung.com/english/latest.xml,local,english,North
skorea_yonhap_sk,http://english.yonhapnews.co.kr/RSS/headline.xml,local,english,North
somalia_horseed,http://feeds.feedburner.com/horseed?format=xml,local,english,South
somalia_sabahi,http://sabahionline.com/en_GB/rss,local,english,South
southaf_busdaily_nat,http://www.bdlive.co.za/national/?service=rss,local,english,South
southaf_capetownt,http://www.iol.co.za/cmlink/1.1046095,local,english,South
southaf_citypress,http://www.citypress.co.za/feature-type/top-stories/feed/,local,english,South
southaf_iol_pretoria,http://www.iol.co.za/cmlink/1.1118954,local,english,South
southaf_iol_thestar,http://www.iol.co.za/cmlink/1.1073915,local,english,South
southaf_iol,http://iol.co.za/cmlink/1.640,local,english,South
southaf_mailg,http://mg.co.za/rss/,local,english,South
spiegel,http://www.spiegel.de/international/index.rss,international,english,North
straits_times_asia,http://straitstimes.com.feedsportal.com/c/32792/f/640960/index.rss,international,english,South
straits_times_singapore,http://straitstimes.com.feedsportal.com/c/32792/f/640958/index.rss,international,english,South
taipeitimes_taiwan,http://www.taipeitimes.com/xml/taiwan.rss,international,english,North
thailand_bankokpost,http://www.bangkokpost.com/rss/data/news.xml,international,english,South
thailand_nation_national,http://www.nationmultimedia.com/home/rss/national.rss,international,english,South
thailand_national_politics,http://www.nationmultimedia.com/home/rss/politics.rss,local,english,South
thailand_phuket,http://www.phuketgazette.net/rss/get_rss_news_by_type/5/15,local,english,South
thenational_uae,http://www.thenational.ae/section/rss,local,english,South
thenews_pk_islamabad,http://feeds.feedburner.com/TheNewsInternational-Islamabad,local,english,South
thenews_pk_karachi,http://feeds.feedburner.com/TheNewsInternational-Karachi,local,english,South
thenews_pk_lahore,http://feeds.feedburner.com/TheNewsInternational-Lahore,local,english,South
thenews_pk_national,http://feeds.feedburner.com/TheNewsInternational-National,local,english,South
thenews_pk_peshawar,http://feeds.feedburner.com/TheNewsInternational-Peshawar,local,english,South
times_of_india_india,http://timesofindia.feedsportal.com/c/33039/f/533965/index.rss,local,english,South
tolo,http://www.tolonews.com/en/component/ninjarsssyndicator/?feed_id=1&format=raw,local,english,South
toronto_star_top,http://www.thestar.com/feeds.topstories.rss,international,english,North
toronto_star_canada,http://www.thestar.com/feeds.articles.news.canada.rss,international,english,North
transitions_centraleurope,http://www.tol.org/client/region/1-central-europe-baltics.rss,international,english,North
transitions_easterneurope,http://www.tol.org/client/region/2-eastern-europe-russia.rss,international,english,North
transitions_southeasteurope,http://www.tol.org/client/region/3-southeastern-europe.rss,international,english,North
transitions_centralasia,http://www.tol.org/client/region/4-central-asia.rss,international,english,South
uganda_monitor,http://www.monitor.co.ug/-/691150/691150/-/view/asFeed/-/11emxavz/-/index.xml,local,english,South
uganda_newvision_national,http://www.newvision.co.ug/feed.aspx?cat_id=1,local,english,South
uk_telegraph_national,http://www.telegraph.co.uk/news/uknews/rss,international,english,North
uk_telegraph_politics,http://www.telegraph.co.uk/news/politics/rss,international,english,North
un_africa,http://www.un.org/apps/news/rss/rss_africa.asp,international,english,South
un_asiapac,http://www.un.org/apps/news/rss/rss_asiapac.asp,international,english,South
un_europe,http://www.un.org/apps/news/rss/rss_europe.asp,international,english,North
un_mideast,http://www.un.org/apps/news/rss/rss_mideast.asp,international,english,South
ut_sandiego,http://www.utsandiego.com/rss/headlines/most-recent/,local,english,North
voa_africa,http://www.voanews.com/api/z-$otevtiq,international,english,South
voa_asia,http://www.voanews.com/api/zo$o_egviy,international,english,South
voa_euro,http://www.voanews.com/api/zj$oveytit,international,english,North
voa_me,http://www.voanews.com/api/zr$opeuvim,international,english,South
wn_africa,http://rss.wn.com/English/keyword/africa,international,english,South
wn_asia,http://rss.wn.com/English/keyword/asia,international,english,South
wn_europe,http://rss.wn.com/English/keyword/europe,international,english,North
wn_mideast,http://rss.wn.com/English/keyword/mideast,international,english,South
wpr_africa,http://www.worldpress.org/feeds/africa.xml,international,english,South
wpr_asia,http://www.worldpress.org/feeds/asia.xml,international,english,South
wpr_europe,http://www.worldpress.org/feeds/europe.xml,international,english,North
wpr_mideast,http://www.worldpress.org/feeds/Mideast.xml,international,english,South
xinhua,http://www.xinhuanet.com/english/rss/worldrss.xml,wire,english,South
yahoo_india,http://in.news.yahoo.com/rss/asia,local,english,South
yemen_times,http://www.yementimes.com/?tpl=1341,local,english,South
zaman,http://www.todayszaman.com/104.rss,international,english,South
zawya,http://www.zawya.com/top-stories/rss/home/,local,english,South
